id,password,last_login,is_superuser,username,last_name,email,is_staff,is_active,date_joined,first_name
1,pbkdf2_sha256$600000$qWm3TtA7jOE4rnU15WBszI$Y6RxsAJ28DkwF+H2V0XLuPSHpSgh3Q/7woNrEs1EKlg=,1/2/2025 17:34,0,admin,Harris,desiree81@example.com,1,1,1/15/2025 1:08,Robert
2,pbkdf2_sha256$600000$qWm3TtA7jOE4rnU15WBszI$Y6RxsAJ28DkwF+H2V0XLuPSHpSgh3Q/7woNrEs1EKlg=,1/2/2025 7:37,0,volunteer,Walker,mirandaking@example.com,0,1,1/4/2025 9:52,Heather
3,pbkdf2_sha256$600000$qWm3TtA7jOE4rnU15WBszI$Y6RxsAJ28DkwF+H2V0XLuPSHpSgh3Q/7woNrEs1EKlg=,1/3/2025 5:08,0,michael24,Green,michael24@example.com,0,1,1/2/2025 21:46,Brittany
4,pbkdf2_sha256$600000$qWm3TtA7jOE4rnU15WBszI$Y6RxsAJ28DkwF+H2V0XLuPSHpSgh3Q/7woNrEs1EKlg=,1/6/2025 21:50,0,reneetrujillo,Jones,reneetrujillo@example.com,0,1,1/4/2025 6:01,Amy
5,pbkdf2_sha256$600000$qWm3TtA7jOE4rnU15WBszI$Y6RxsAJ28DkwF+H2V0XLuPSHpSgh3Q/7woNrEs1EKlg=,1/10/2025 12:20,0,randyjordan,Barnes,randyjordan@example.com,0,1,1/3/2025 2:42,Seth
6,pbkdf2_sha256$600000$qWm3TtA7jOE4rnU15WBszI$Y6RxsAJ28DkwF+H2V0XLuPSHpSgh3Q/7woNrEs1EKlg=,1/6/2025 8:49,0,kaitlyn95,Douglas,kaitlyn95@example.com,0,1,1/3/2025 17:37,Katherine
7,pbkdf2_sha256$600000$qWm3TtA7jOE4rnU15WBszI$Y6RxsAJ28DkwF+H2V0XLuPSHpSgh3Q/7woNrEs1EKlg=,1/17/2025 23:10,0,tserrano,Williams,tserrano@example.com,0,1,1/1/2025 13:04,Carlos
8,pbkdf2_sha256$600000$qWm3TtA7jOE4rnU15WBszI$Y6RxsAJ28DkwF+H2V0XLuPSHpSgh3Q/7woNrEs1EKlg=,1/18/2025 7:11,0,gyoung,Williams,gyoung@example.com,0,1,1/9/2025 18:23,Amber
9,pbkdf2_sha256$600000$qWm3TtA7jOE4rnU15WBszI$Y6RxsAJ28DkwF+H2V0XLuPSHpSgh3Q/7woNrEs1EKlg=,1/1/2025 15:34,0,harry41,Anderson,harry41@example.com,0,1,1/1/2025 11:44,Megan
10,pbkdf2_sha256$600000$qWm3TtA7jOE4rnU15WBszI$Y6RxsAJ28DkwF+H2V0XLuPSHpSgh3Q/7woNrEs1EKlg=,1/6/2025 16:13,0,hancockthomas,Solis,hancockthomas@example.com,0,1,1/5/2025 21:14,Jennifer
11,pbkdf2_sha256$600000$qWm3TtA7jOE4rnU15WBszI$Y6RxsAJ28DkwF+H2V0XLuPSHpSgh3Q/7woNrEs1EKlg=,1/7/2025 7:59,0,perezclaire,Cross,perezclaire@example.com,0,1,1/3/2025 20:36,Christopher
12,pbkdf2_sha256$600000$qWm3TtA7jOE4rnU15WBszI$Y6RxsAJ28DkwF+H2V0XLuPSHpSgh3Q/7woNrEs1EKlg=,1/2/2025 20:31,0,fishersusan,Robinson,fishersusan@example.com,0,1,1/12/2025 5:57,Charles
13,pbkdf2_sha256$600000$qWm3TtA7jOE4rnU15WBszI$Y6RxsAJ28DkwF+H2V0XLuPSHpSgh3Q/7woNrEs1EKlg=,1/14/2025 12:31,0,michaelsmith,Robertson,michaelsmith@example.com,0,1,1/17/2025 9:26,Louis
14,pbkdf2_sha256$600000$qWm3TtA7jOE4rnU15WBszI$Y6RxsAJ28DkwF+H2V0XLuPSHpSgh3Q/7woNrEs1EKlg=,1/13/2025 23:48,0,juliamoore,Kim,juliamoore@example.com,0,1,1/3/2025 15:40,Mary
15,pbkdf2_sha256$600000$qWm3TtA7jOE4rnU15WBszI$Y6RxsAJ28DkwF+H2V0XLuPSHpSgh3Q/7woNrEs1EKlg=,1/12/2025 6:29,0,rodriguezthomas,Perry,rodriguezthomas@example.com,0,1,1/17/2025 9:11,Anthony
16,pbkdf2_sha256$600000$qWm3TtA7jOE4rnU15WBszI$Y6RxsAJ28DkwF+H2V0XLuPSHpSgh3Q/7woNrEs1EKlg=,1/3/2025 21:11,0,mlynch,Garcia,mlynch@example.com,0,1,1/3/2025 2:15,Theresa
17,pbkdf2_sha256$600000$qWm3TtA7jOE4rnU15WBszI$Y6RxsAJ28DkwF+H2V0XLuPSHpSgh3Q/7woNrEs1EKlg=,1/12/2025 9:28,0,kimberly42,Martin,kimberly42@example.com,0,1,1/8/2025 18:31,Jeremy
18,pbkdf2_sha256$600000$qWm3TtA7jOE4rnU15WBszI$Y6RxsAJ28DkwF+H2V0XLuPSHpSgh3Q/7woNrEs1EKlg=,1/11/2025 13:12,0,xtorres,Hudson,xtorres@example.com,0,1,1/19/2025 2:26,Brandon
19,pbkdf2_sha256$600000$qWm3TtA7jOE4rnU15WBszI$Y6RxsAJ28DkwF+H2V0XLuPSHpSgh3Q/7woNrEs1EKlg=,1/9/2025 13:21,0,thomas53,Green,thomas53@example.com,0,1,1/2/2025 22:45,Marie
20,pbkdf2_sha256$600000$qWm3TtA7jOE4rnU15WBszI$Y6RxsAJ28DkwF+H2V0XLuPSHpSgh3Q/7woNrEs1EKlg=,1/7/2025 4:08,0,crystalwaters,Gonzalez,crystalwaters@example.com,0,1,1/12/2025 2:22,Jordan
21,pbkdf2_sha256$600000$qWm3TtA7jOE4rnU15WBszI$Y6RxsAJ28DkwF+H2V0XLuPSHpSgh3Q/7woNrEs1EKlg=,1/16/2025 22:02,0,perezbrian,Schultz,perezbrian@example.com,0,1,1/1/2025 8:07,Kathryn
22,pbkdf2_sha256$600000$qWm3TtA7jOE4rnU15WBszI$Y6RxsAJ28DkwF+H2V0XLuPSHpSgh3Q/7woNrEs1EKlg=,1/11/2025 21:07,0,llogan,Hughes,llogan@example.com,0,1,1/19/2025 5:11,Jordan
23,pbkdf2_sha256$600000$qWm3TtA7jOE4rnU15WBszI$Y6RxsAJ28DkwF+H2V0XLuPSHpSgh3Q/7woNrEs1EKlg=,1/5/2025 16:18,0,vthompson,Webster,vthompson@example.com,0,1,1/6/2025 0:18,Tina
